Week Start,Week End,Outreach Sent,Follow-Ups Sent,Replies Received,Meetings Requested,Meetings Held,New Referrals,Portfolio Assets Added,Venues/Experiences Researched,Pilot Conversations,Concept Note Revisions,Risks/Issues,Next Week Priority,Overall Status
,,,,,,,,,,,,,,Not started
,,,,,,,,,,,,,,Not started
,,,,,,,,,,,,,,Not started
,,,,,,,,,,,,,,Not started
,,,,,,,,,,,,,,Not started
,,,,,,,,,,,,,,Not started
,,,,,,,,,,,,,,Not started
,,,,,,,,,,,,,,Not started
,,,,,,,,,,,,,,Not started
,,,,,,,,,,,,,,Not started
,,,,,,,,,,,,,,Not started
,,,,,,,,,,,,,,Not started
